{"cameraMode":{"drawMode":0,"name":"Shaded","section":"Shading Mode"},"sceneLighting":false,"audioPlay":false,"sceneViewState":{"showFog":true,"showMaterialUpdate":false,"showSkybox":true,"showFlares":true,"showImageEffects":true,"showParticleSystems":true},"in2DMode":false,"pivot":{"x":0.6509802341461182,"y":-0.4122190475463867,"z":-0.09545058012008667},"rotation":{"x":0.03782588616013527,"y":0.7668340802192688,"z":-0.6391205191612244,"w":0.04538480192422867},"size":4.302345275878906,"orthographic":false}