{"cameraMode":{"drawMode":0,"name":"Shaded","section":"Shading Mode"},"sceneLighting":true,"audioPlay":false,"sceneViewState":{"showFog":true,"showMaterialUpdate":false,"showSkybox":true,"showFlares":true,"showImageEffects":true,"showParticleSystems":true},"in2DMode":false,"pivot":{"x":-8.619903564453125,"y":-1.1250320672988892,"z":-0.6646723747253418},"rotation":{"x":0.03479187935590744,"y":-0.7509803771972656,"z":0.039696112275123599,"w":0.6582114696502686},"size":9.470751762390137,"orthographic":false}