{"cameraMode":{"drawMode":0,"name":"Shaded","section":"Shading Mode"},"sceneLighting":true,"audioPlay":false,"sceneViewState":{"showFog":true,"showMaterialUpdate":false,"showSkybox":true,"showFlares":true,"showImageEffects":true,"showParticleSystems":true},"in2DMode":false,"pivot":{"x":8.134939193725586,"y":-4.999220371246338,"z":-6.9612345695495609},"rotation":{"x":0.11063425242900849,"y":0.8714417219161987,"z":-0.2302449643611908,"w":0.4187321960926056},"size":11.968192100524903,"orthographic":false}