{"cameraMode":{"drawMode":0,"name":"Shaded","section":"Shading Mode"},"sceneLighting":true,"audioPlay":false,"sceneViewState":{"showFog":true,"showMaterialUpdate":false,"showSkybox":true,"showFlares":true,"showImageEffects":true,"showParticleSystems":true},"in2DMode":false,"pivot":{"x":558.7916870117188,"y":372.8175048828125,"z":-8.016265869140625},"rotation":{"x":-0.01078532449901104,"y":-0.06653503328561783,"z":0.0007190119358710945,"w":-0.9977255463600159},"size":429.78436279296877,"orthographic":false}