{"cameraMode":{"drawMode":0,"name":"Shaded","section":"Shading Mode"},"sceneLighting":false,"audioPlay":false,"sceneViewState":{"showFog":true,"showMaterialUpdate":false,"showSkybox":true,"showFlares":true,"showImageEffects":true,"showParticleSystems":true},"in2DMode":false,"pivot":{"x":6750.95947265625,"y":-5.440216064453125,"z":-970.988037109375},"rotation":{"x":0.05121583491563797,"y":0.740057110786438,"z":-0.05672488361597061,"w":0.6681876182556152},"size":3168.325927734375,"orthographic":false}