{"cameraMode":{"drawMode":0,"name":"Shaded","section":"Shading Mode"},"sceneLighting":false,"audioPlay":false,"sceneViewState":{"showFog":true,"showMaterialUpdate":false,"showSkybox":true,"showFlares":true,"showImageEffects":true,"showParticleSystems":true},"in2DMode":false,"pivot":{"x":393.9422302246094,"y":126.17830657958985,"z":118.50330352783203},"rotation":{"x":0.22364559769630433,"y":-0.29587987065315249,"z":0.07146642357110977,"w":0.9259213209152222},"size":459.3995361328125,"orthographic":false}