{"cameraMode":{"drawMode":0,"name":"Shaded","section":"Shading Mode"},"sceneLighting":true,"audioPlay":false,"sceneViewState":{"showFog":true,"showMaterialUpdate":false,"showSkybox":true,"showFlares":true,"showImageEffects":true,"showParticleSystems":true},"in2DMode":false,"pivot":{"x":640.8793334960938,"y":266.31329345703127,"z":-398.1971130371094},"rotation":{"x":0.015274252742528916,"y":-0.06744538992643357,"z":0.0010327680502086878,"w":0.9976055026054382},"size":105.9831771850586,"orthographic":false}