{"cameraMode":{"drawMode":0,"name":"Shaded","section":"Shading Mode"},"sceneLighting":true,"audioPlay":false,"sceneViewState":{"showFog":true,"showMaterialUpdate":false,"showSkybox":true,"showFlares":true,"showImageEffects":true,"showParticleSystems":true},"in2DMode":false,"pivot":{"x":-0.6171503663063049,"y":-1.1851413249969483,"z":-4.158607006072998},"rotation":{"x":0.013431822881102562,"y":-0.986185610294342,"z":0.12974335253238679,"w":0.10209915786981583},"size":5.459377288818359,"orthographic":false}