{"cameraMode":{"drawMode":0,"name":"Shaded","section":"Shading Mode"},"sceneLighting":false,"audioPlay":false,"sceneViewState":{"showFog":true,"showMaterialUpdate":false,"showSkybox":true,"showFlares":true,"showImageEffects":true,"showParticleSystems":true},"in2DMode":false,"pivot":{"x":-0.5187411308288574,"y":0.30144307017326357,"z":-0.2900226414203644},"rotation":{"x":-0.006396301090717316,"y":0.6769760847091675,"z":0.005883584264665842,"w":0.735953688621521},"size":3.702345132827759,"orthographic":false}